rank,uri,artist_names,track_name,source,peak_rank,previous_rank,days_on_chart,streams
1,"spotify:track:6tNQ70jh4OwmPGpYy6R2o9","Benson Boone","Beautiful Things","Night Street Records, Inc./Warner Records Inc.",1,1,31,"403895"
2,"spotify:track:2sTXJinZQxl58tFCTYtEqa","Sampagne, badchieff, CRO","tempo","Sampagne",1,2,3,"366335"
3,"spotify:track:3U5JVgI2x4rDyHGObzJfNf","Natasha Bedingfield","Unwritten","Sony Music CG",1,3,37,"349370"
4,"spotify:track:31nfdEooLEq7dn3UMcIeB5","BENNETT","Vois sur ton chemin - Techno Mix","Warner Music Central Europe",1,4,198,"290059"
5,"spotify:track:3pn5z4CvMz95uEysWBUYCc","SOFFIE","Für immer Frühling","soffie / Believe Artist Services",5,7,17,"274953"
6,"spotify:track:4cXzOWOwLfGVUOqI8nKQ8L","AK AUSSERKONTROLLE","IN MEINER DNA","XY Records",2,5,3,"254127"
7,"spotify:track:4C9bsG159VjOQe0g1RgMi9","AYLIVA","Lieb mich","Whiteheart Records/WM Germany",1,8,10,"253321"
8,"spotify:track:5uiokPQwUgidgRBPEQPImc","Tream, treamiboii","HERZ MACHT BAMM","3AM MUSIC",5,6,10,"253169"
9,"spotify:track:7AYmToZ5y67fBjq4RLFbuq","Beyoncé","TEXAS HOLD 'EM","Parkwood Entertainment/Columbia",9,10,7,"242672"
10,"spotify:track:3rUGC1vUpkDG9CZFHMur1t","Tate McRae","greedy","RCA Records Label",1,12,157,"242033"
11,"spotify:track:4mKqiS1UBOZ6hGpUXokcsN","Luciano, Omah Lay","Another Vibe (feat. Omah Lay)","URBAN",4,11,10,"229916"
12,"spotify:track:0iB5f04XdJ2tcfhoVkeLV8","Alok, Mondello'G, CERES, Tribbs","LET'S GET FKD UP","Columbia/B1 Recordings",5,9,72,"228711"
13,"spotify:track:3w0w2T288dec0mgeZZqoNN","¥$, Kanye West, Ty Dolla $ign","CARNIVAL","YZY",5,14,8,"210981"
14,"spotify:track:30vg2QguPyaa7PcAJTn9YE","YAKARY","sonnenbank.mp3","Life is Pain",1,17,87,"209068"
15,"spotify:track:4xhsWYTOGcal8zt0J161CU","Jack Harlow","Lovin On Me","Generation Now/Atlantic",2,13,101,"206717"
16,"spotify:track:59NraMJsLaMCVtwXTSia8i","cassö, RAYE, D-Block Europe","Prada","Ministry of Sound Recordings",1,15,191,"204245"
17,"spotify:track:09CnYHiZ5jGT1wr1TXJ9Zt","Dimitri Vegas & Like Mike, Tiësto, Dido, W&W, Dimitri Vegas, Like Mike","Thank You (Not So Bad)","Ministry of Sound Recordings",11,16,64,"197082"
18,"spotify:track:17phhZDn6oGtzMe56NuWvj","Teddy Swims","Lose Control","Warner Records",12,21,47,"190536"
19,"spotify:track:0h3Xy4V4apMraB5NuM8U7Z","CYRIL","Stumblin' In","Spinnin' Records",17,18,42,"190193"
20,"spotify:track:3bK1zVFBKIzYjmptmI4NsJ","Ofenbach, Norma Jean Martine","Overdrive (feat. Norma Jean Martine)","Elektra France",9,19,96,"189955"
21,"spotify:track:6zV5WGrUYlR2i4AiaKfrKN","skrt cobain, Mark Forster, Ski Aggu","schwarzer toyota","Four Music/November Eleven",2,20,10,"185153"
22,"spotify:track:5mjYQaktjmjcMKcUIcqz4s","Kenya Grace","Strangers","Warner Records/Major Recordings",2,22,171,"183516"
23,"spotify:track:1ct7Hx3FQMfym8cHIk4hrd","CIVO, Maxe","Keine Homies","Good Kid Records & VENTURA Records",8,25,31,"158140"
24,"spotify:track:3ilgxZl5g7MOQCUiky3VOG","Pashanim","Ms. Jackson","Urban",1,28,179,"156175"
25,"spotify:track:7oQepKHmXDaPC3rgeLRvQu","Udo Lindenberg, Apache 207","Komet","Warner Music Central Europe",1,24,395,"150840"
26,"spotify:track:7AOJcugo17Kr1WUheSI6Oq","Luca-Dante Spadafora, Niklas Dee, Octavian, Peter Plate, Ulf Leo Sommer","Mädchen auf dem Pferd","Zeitgeist",1,23,269,"150271"
27,"spotify:track:1BxfuPKGuaTgP7aM0Bbdwr","Taylor Swift","Cruel Summer","Taylor Swift",19,31,245,"145760"
28,"spotify:track:5YWu6dt50Nieq8qi572RF8","SIRA, Bausa, badchieff","9 bis 9","Four Music/SIRA",2,30,283,"140328"
29,"spotify:track:5Tpojb1ynbO0MgfAwgDza5","Luciano, Hurts, 6PM RECORDS, SIRA","WONDERFUL LIFE","Four Music/6PM RECORDS",1,33,52,"138789"
30,"spotify:track:3h5TiWTqGxjSjFrbruPFH9","YG Marley","Praise Jah In The Moonlight","YG Marley Music",30,37,18,"138689"
31,"spotify:track:4tKGFmENO69tZR9ahgZu48","Sophie Ellis-Bextor","Murder On The Dancefloor","Polydor Records",13,32,47,"137776"
32,"spotify:track:4lArhqEySHQwMKkWkPXQEK","HBz, 2 Engel & Charlie","Erinner mich","JINX Music",24,26,19,"136177"
33,"spotify:track:3an1JVi8OsE0aG6dMS4Pes","AYLIVA","Hässlich","Whiteheart Records/WM Germany",1,36,178,"135155"
34,"spotify:track:6u4gVQaOhsWhnSS5LIZbTI","YAKARY","back2life","Life is Pain",19,29,3,"133397"
35,"spotify:track:65zIby9Z03d1bhGvLNJNrA","Shy Smith","Soaked","Robots & Humans",35,47,14,"130521"
36,"spotify:track:7DSAEUvxU8FajXtRloy8M0","Miley Cyrus","Flowers","Columbia",1,39,400,"130317"
37,"spotify:track:2FiJGvN3fiXMwms9IftNV0","FiNCH, Tream","LiEBE AUF DER RÜCKBANK","Walk This Way Records",13,27,261,"126370"
38,"spotify:track:6WbDwAoc5xr0kFflHZW0A4","Amaru, Gringo Bamba","Blonde Chaya - Sped Up","Virgin",3,35,134,"126327"
39,"spotify:track:6dpLxbF7lfCAnC9QRTjNLK","Good Neighbours","Home","Some Action",39,55,15,"125948"
40,"spotify:track:0mflMxspEfB0VbI1kyLiAv","Noah Kahan","Stick Season","Mercury Records/Republic Records",37,56,51,"125846"
41,"spotify:track:4jhQOtHfWQq6GYkhvsAkOq","Nimo","Wie beim ersten Mal","MOONBOYS ENT.",21,34,3,"125322"
42,"spotify:track:4OMJGnvZfDvsePyCwRGO7X","Dua Lipa","Houdini","Urban",15,45,98,"122742"
43,"spotify:track:1odExI7RdWc4BT515LTAwj","David Kushner","Daylight","Miserable Music Group, LLC",1,65,310,"120403"
44,"spotify:track:7GUhiAHLoVy1V8ucQuZ3CB","The Weeknd, Playboi Carti, Madonna","Popular (with Playboi Carti & Madonna)","Universal Republic Records",16,49,249,"120249"
45,"spotify:track:1VNWdmXSbaNrnWod10WIL0","The Weeknd, JENNIE, Lily-Rose Depp","One Of The Girls (with JENNIE, Lily Rose Depp)","Universal Republic Records",27,58,77,"118685"
46,"spotify:track:52eIcoLUM25zbQupAZYoFh","21 Savage","redrum","Slaughter Gang, LLC/Epic Records",26,44,38,"118222"
47,"spotify:track:14iwJXnTuI9qdcosMEB73h","Luca-Dante Spadafora, Beats by Luca","Ich nehm dich bei der Hand (SimsalaGrimm)","Zeitgeist",40,40,50,"116666"
48,"spotify:track:4sbl4SNfBkfijDEiaijhcC","1986zig","Schloss aus Sand","Chapter One",30,42,24,"116094"
49,"spotify:track:5tEaVciE2GnR28aN6W9cLS","¥$, Kanye West, Ty Dolla $ign","FUK SUMN","YZY",8,43,8,"115774"
50,"spotify:track:5Cb7uEN2BM9t0Y5FjEq9ga","BILLA JOE, Faroon","BUSINESS STRAIGHT","GOLD LEAGUE/OG Scrpngang GmbH",1,41,31,"115407"
51,"spotify:track:4coUbOCDUjxw16UUWupiQe","Luciano","Time","URBAN",1,54,45,"113948"
52,"spotify:track:7jtQIBanIiJOMS6RyCx6jZ","Tom Odell","Another Love","ITNO/Columbia",9,75,1078,"112048"
53,"spotify:track:4mVnqNiw2Kf5AHj9j0KD6u","RAF Camora, Ski Aggu","Liebe Grüsse","Indipendenza",1,46,114,"110755"
54,"spotify:track:6Qb7YsAqH4wWFUMbGsCpap","Dua Lipa","Training Season","Urban",34,52,3,"109872"
55,"spotify:track:42VsgItocQwOQC3XWZ8JNA","Travis Scott, Playboi Carti","FE!N (feat. Playboi Carti)","Cactus Jack/Epic",1,66,182,"109529"
56,"spotify:track:7gaA3wERFkFkgivjwbSvkG","Ariana Grande","yes, and?","Republic Records",9,61,38,"109272"
57,"spotify:track:0YsWkOZydchvwAvc4gEqeN","Farid Bang, Skandal","ASOZIALE MAROKKANER","Banger Musik",18,38,3,"108988"
58,"spotify:track:69phA1R4gmQsBFRQ3INW8C","Rich Amiri","ONE CALL","Internet Money Records / 10K Projects",58,81,21,"108756"
59,"spotify:track:0LMwmV37RCmBO2so0szAFs","Kygo, Ava Max","Whatever","Kygo/RCA Records",33,64,31,"107351"
60,"spotify:track:3nsN35tRpTZYSsaBkGrgQA","Paula Hartmann","DLIT (die Liebe ist tot)","Four Music/Himbeertoni",25,50,5,"107321"
61,"spotify:track:3XqM8hLCEYlbnFjoWwqtFv","Chris Brown","Angel Numbers / Ten Toes","Chris Brown Entertainment/RCA Records",21,62,97,"107045"
62,"spotify:track:2HafqoJbgXdtjwCOvNEF14","iñigo quintero","Si No Estás","Acqustic",1,69,144,"107042"
63,"spotify:track:561jH07mF1jHuk7KlaeF0s","Eminem","Mockingbird","Aftermath",4,67,496,"107000"
64,"spotify:track:3hRV0jL3vUpRrcy398teAU","Lord Huron","The Night We Met","Play It Again Sam",48,94,257,"106944"
65,"spotify:track:1CcLA0eaauck34YEIrvAAq","David Guetta, Kim Petras","When We Were Young (The Logical Song)","Parlophone UK",47,63,51,"106496"
66,"spotify:track:4RzIPi5kcw5gYAd07I8NDz","MADE, SHABAB, Rasa","À la Carte","MADE Entertainment",13,53,59,"106434"
67,"spotify:track:6nVEV8CIU4dw12oVZbKJtl","Elley Duhé, Whethan","MONEY ON THE DASH - SPED UP","Columbia/B1 Recordings",22,57,54,"105808"
68,"spotify:track:56y1jOTK0XSvJzVv9vHQBK","Doja Cat","Paint The Town Red","Kemosabe Records/RCA Records",1,59,198,"105643"
69,"spotify:track:7yq4Qj7cqayVTp3FF9CWbm","Vance Joy","Riptide","F-Stop Records/Atlantic",54,76,626,"105216"
70,"spotify:track:3AjSfp5FDvwtMU9XBsbS8j","Creeds","Push Up - Main Edit","Columbia/B1 Recordings",9,51,304,"100229"
71,"spotify:track:2aDAIq3vLuLFUUTOy1aZqY","Milano","Anderer Mann","DEUX FRÈRES MUSIC",7,79,56,"96847"
72,"spotify:track:5FTnmVLK703WL82EcQgKC9","Luciano, Niska","Blue Porsche (feat. Niska)","URBAN",1,73,24,"96012"
73,"spotify:track:4kjI1gwQZRKNDkw1nI475M","Travis Scott","MY EYES","Cactus Jack/Epic",9,91,192,"95651"
74,"spotify:track:4E63weMCaNZuGPEFMnuEi8","Tate McRae","exes","RCA Records Label",34,90,89,"95303"
75,"spotify:track:5fIZ683j2xPeLAXfHeWKEG","Indila, BENNETT","Dernière danse - Techno Mix","Universal Music Division Island Def Jam",52,70,19,"94493"
76,"spotify:track:0QlOkt8nkZ8zqu8xb2SHU8","Niklas Dee, Old Jim, Enny-Mae","Not Fair","Kontor Records",5,68,254,"93943"
77,"spotify:track:5Y8mnPgyb9hOJxY1M0OJdx","Sonny Wern, Lyente, Quinten Circle, ZANA","Dance For Me (1, 2, 3) - Stutter Techno","Virgin",23,71,131,"93738"
78,"spotify:track:4XgxsTII2KYZZMFt4JlnYU","Hava","Ja sagen","Hypnotize Entertainment",1,84,94,"93399"
79,"spotify:track:559mLg44MrcA7JzYGbpXfL","MilleniumKid, JBS","Vielleicht Vielleicht","Warner Music Central Europe",56,83,112,"93345"
80,"spotify:track:00FgA8qDMtKrAokzmRrsPH","BILLA JOE","SMASH","GOLD LEAGUE/OG Scrpngang GmbH",33,60,3,"93295"
81,"spotify:track:3Me5bYXeDXqjBVgug53Ula","LIZOT, KYANU","This Is The Life","Zeitgeist",39,72,105,"92620"
82,"spotify:track:5aIVCx5tnk0ntmdiinnYvw","Tyla","Water","FAX Records/Epic",22,82,155,"92211"
83,"spotify:track:3vkCueOmm7xQDoJ17W1Pm3","Mitski","My Love Mine All Mine","Dead Oceans",58,125,127,"91690"
84,"spotify:track:3ThmZJ7LQ3C20FpxU5kXJB","Bobby Vandamme","BANDIT","RCA & GOLD LEAGUE/GOVA Ent.",11,88,95,"90053"
85,"spotify:track:4uUG5RXrOk84mYEfFvj3cK","David Guetta, Bebe Rexha","I'm Good (Blue)","Parlophone UK",1,77,540,"89814"
86,"spotify:track:4kcgrgZhd4h8chSAJ86mIq","erobé, KXXMA, Lyfrix","EWIGKEIT - REMIX","Off Tape Records & Polydor x Island Records",8,86,209,"89636"
87,"spotify:track:1VgoFzUT9iofLfn3rHOI3z","reezy","IN & OUT","Four Music/Teenager Forever",1,74,38,"89184"
88,"spotify:track:5RKvst7SDOCTWGlLcF6kSE","01099, Paul, Ski Aggu","Anders","01099 / Bamboo Artists / WMCE",6,95,303,"87212"
89,"spotify:track:0fq2RzyyUoqELsONRF8ZzP","Ski Aggu, SIRA","mietfrei","jungeratze & Bamboo Artists",3,93,219,"87041"
90,"spotify:track:6Obb1FCQLZrVRvzXWdgDma","Bibi und Tina","Bibi und Tina Lied","Kiddinx/WM Germany",71,186,223,"86674"
91,"spotify:track:6hjck7ERXicpsW51UkdHCA","Maxwell, RAF Camora, Bonez MC","Safari","AUF!KEINEN!FALL!",42,80,377,"86043"
92,"spotify:track:60a0Rd6pjrkxjPbaKzXjfq","Linkin Park","In the End","Warner Records",10,96,1838,"85824"
93,"spotify:track:7BomJii8PI61qBoEihzKu4","Luciano","What Happened","URBAN",1,85,20,"84750"
94,"spotify:track:5ZduaRci3iNUiDfJbBfAaf","Matt Sassari","Give It To Me - Full Vocal Mix","Cr2 Records",14,87,570,"84161"
95,"spotify:track:2Pyfpd75r3dC3nDgVA4fnX","NOISETIME, Glasperlenspiel, NIKSTER, STEVIO","ECHT - Techno Mix","Polydor",57,78,52,"84066"
96,"spotify:track:2hFOXN8Eq2gXIGGMIdHdWJ","Ski Aggu, Endzone, Ericson","Party Sahne","jungeratze & Bamboo Artists",17,89,498,"83105"
97,"spotify:track:1phFx4XBj9VOSV5c8s4PQr","Paula Hartmann, t-low","sag was","Four Music/Himbeertoni",6,102,31,"82842"
98,"spotify:track:6wf7Yu7cxBSPrRlWeSeK0Q","Billie Eilish","What Was I Made For? [From The Motion Picture ""Barbie""]","Darkroom/Interscope Records",7,143,204,"81857"
99,"spotify:track:2kNhZ57JHXkZPZH2rknRyu","twocolors, Safri Duo, Chris de Sarandy","Cynical","Virgin",24,92,214,"81827"
100,"spotify:track:7sJNeWTXkZCEC7OnFMpGWL","Luciano, Aitch, BIA","Bamba (feat. Aitch & BIA)","URBAN",1,107,501,"81441"
101,"spotify:track:1yeB8MUNeLo9Ek1UEpsyz6","Drake, Sexyy Red, SZA","Rich Baby Daddy (feat. Sexyy Red & SZA)","OVO/Republic",42,101,55,"81267"
102,"spotify:track:04CyMEHliadfQWMUJb1w99","¥$, Kanye West, Ty Dolla $ign","BURN","YZY",29,113,8,"81007"
103,"spotify:track:1OSuzW75FOtBdDNTuWM3wy","MADE, BARÉ, SHABAB, Azu, Bayor, Biggie68, Skandal","Generation","MADE Entertainment",13,103,52,"80624"
104,"spotify:track:3xby7fOyqmeON8jsnom0AT","Travis Scott, Swae Lee, Chief Keef","Nightcrawler (feat. Swae Lee & Chief Keef)","Cactus Jack / Epic",89,110,10,"80384"
105,"spotify:track:6LBmaJYwbLHfQwIreMCLlw","Nina Chuba","Wildberry Lillet","Jive",1,100,554,"80072"
106,"spotify:track:2a1o6ZejUi8U3wzzOtCOYw","Don Omar, Lucenzo","Danza Kuduro","UMLE - Machete",39,97,447,"78915"
107,"spotify:track:22skzmqfdWrjJylampe0kt","Macklemore, Ryan Lewis, Macklemore & Ryan Lewis, Ray Dalton","Can't Hold Us (feat. Ray Dalton)","Macklemore",20,109,1226,"78752"
108,"spotify:track:2sj5vf9ss7eUxSIVUp50EW","MADE, Bayor, Rasa, Skandal, SHABAB, BARÉ","Koka Shem","MADE Entertainment",14,105,66,"78097"
109,"spotify:track:5XeFesFbtLpXzIVDNQP22n","Arctic Monkeys","I Wanna Be Yours","Domino Recording Co",97,172,254,"77498"
110,"spotify:track:1TqC60H8LMZc4Gi4M56t6m","Kontra K, SANTOS","Die Sonne","Letzte Wölfe",2,114,100,"77466"
111,"spotify:track:2QjOHCTQ1Jl3zawyYOpxh6","The Neighbourhood","Sweater Weather","Columbia",42,173,1104,"76365"
112,"spotify:track:0ZGL3OTGwVmxx4gPNWqUgd","Luciano","DTMS","URBAN",9,115,10,"75827"
113,"spotify:track:2EbO8k2jAHVRMVvUB77nNt","AYLIVA","Weißes Haus","Whiteheart Records/WM Germany",3,144,219,"75770"
114,"spotify:track:17NHXI2CJp7KgdcwcDnRx4","Marnik, Naeleck, VINAI","Boyz In Paris (with VINAI)","Signatune",49,106,184,"75265"
115,"spotify:track:20I6sIOMTCkB6w7ryavxtO","Carly Rae Jepsen","Call Me Maybe","Silent Records IGA",115,127,9,"74731"
116,"spotify:track:0xuaMTaQFsfaLPuMoYUQoP","Safraoui, HoodBlaq, RAF Camora","MONTENEGRO (feat. RAF Camora)","Columbia/BE.ELA.QU GmbH",5,104,17,"74448"
117,"spotify:track:5qEGAHerczFt3HmL9lhh4j","Miksu / Macloud, makko","Nachts wach (Lila Wolken Bootleg)","Futura",5,132,538,"74439"
118,"spotify:track:1udwFobQ1JoOdWPQrp2b6u","JID, 21 Savage, Baby Tate","Surround Sound (feat. 21 Savage & Baby Tate)","Dreamville/Interscope",29,122,97,"73795"
119,"spotify:track:6hw1Sy9wZ8UCxYGdpKrU6M","Apache 207","Roller","Four Music Local",1,111,1631,"73542"
120,"spotify:track:42Ztw2ZtZR3mtWjXpg0R5I","Yung Yury, Damn Yury","TABU.","5Zero",1,124,318,"73528"
121,"spotify:track:7lQ8MOhq6IN2w8EYcFNSUk","Eminem","Without Me","Aftermath",28,123,990,"73470"
122,"spotify:track:2H7jZg2HliuQhZjfBblLrZ","Pashanim","Sommergewitter","Urban",1,126,921,"73274"
123,"spotify:track:6wsqVwoiVH2kde4k4KKAFU","Travis Scott","I KNOW ?","Cactus Jack/Epic",13,129,180,"73220"
124,"spotify:track:1v7L65Lzy0j0vdpRjJewt1","Eminem","Lose Yourself","Aftermath",35,136,1296,"73200"
125,"spotify:track:7qEHsqek33rTcFNT9PFqLf","Lewis Capaldi","Someone You Loved","Vertigo Berlin",22,148,1202,"73122"
126,"spotify:track:2bLqfJjuC5syrsgDsZfGmn","Timbaland, Keri Hilson, D.O.E.","The Way I Are","Interscope/Blackground Records",64,108,400,"72838"
127,"spotify:track:0V3wPSX9ygBnCm8psDIegu","Taylor Swift","Anti-Hero","Taylor Swift",6,140,429,"72830"
128,"spotify:track:5rb9QrpfcKFHM1EUbSIurX","USHER, Lil Jon, Ludacris","Yeah! (feat. Lil Jon & Ludacris)","LaFace Records",42,98,149,"72739"
129,"spotify:track:1kuGVB7EU95pJObxwvfwKS","Olivia Rodrigo","vampire","Olivia Rodrigo PS",7,167,215,"72669"
130,"spotify:track:6JUeZ04YG6WIy937AgIPsR","AYLIVA, MERO","Sie weiß (feat. Mero)","Whiteheart Records/WM Germany",1,133,408,"72619"
131,"spotify:track:1vYXt7VSjH9JIM5oRRo7vA","Dua Lipa","Dance The Night - From Barbie The Album","Atlantic Records",13,142,230,"72111"
132,"spotify:track:5I9vAmNTBXXWBtKmjnBSGS","Pashanim","draußen essen spät schlafen 💤","Urban",7,149,60,"72048"
133,"spotify:track:2cPqx00sDnkXgxHg9fSZQj","badmómzjay","BLESSED","Vertigo Berlin",30,99,3,"71812"
134,"spotify:track:1icgLGTpX2fQXKRe4D7w2b","¥$, Kanye West, Ty Dolla $ign","BACK TO ME","YZY",19,120,8,"71258"
135,"spotify:track:3L4pLlkTz0WyZPza8tlAgx","BIG TIM","Alles ist relativ","RCA Local",44,112,79,"71213"
136,"spotify:track:6uTPdRrEDeH8Fyg5L5qmeU","Flo Milli","Never Lose Me","'94 Sounds/RCA Records",101,163,32,"71210"
137,"spotify:track:7AyE8MRf4dIK75mqqpks9S","Nina Chuba","Mangos mit Chili","Jive",4,130,378,"70845"
138,"spotify:track:0Fyqe4e5VjCaFjNSNYWa25","GIMS, SativaMusic, Morad","SEYA","Columbia/B1 Recordings",125,137,38,"70697"
139,"spotify:track:3Pbp7cUCx4d3OAkZSCoNvn","Michael Marcagi","Scared To Start","Warner Records",139,-1,9,"70188"
140,"spotify:track:1ACA277B6f46DYCgZW8di3","Artemas","if u think i'm pretty","Artemas",92,-1,18,"70172"
141,"spotify:track:3qhlB30KknSejmIvZZLjOD","Djo","End of Beginning","Djo",141,-1,1,"69781"
142,"spotify:track:4rXLjWdF2ZZpXCVTfWcshS","Gunna","fukumean","300 Entertainment",9,134,244,"69766"
143,"spotify:track:7b8Z1GU2plJy3aASZTiolF","Ski Aggu, Joost, Otto Waalkes","Friesenjung","jungeratze & Bamboo Artists",1,116,268,"69741"
144,"spotify:track:5MpZphaE8ML2JJrtdPy6Pt","Zerb, Sofiya Nzau","Mwaki","TH3RD BRAIN",118,118,5,"69286"
145,"spotify:track:7qiUjLVo6zLj8WmxPMqoXD","CRO","Einmal um die Welt","BMG Rights Management",73,158,441,"69284"
146,"spotify:track:5RKQ5NdjSh2QzD4MaunT91","Journey","Don't Stop Believin' (2022 Remaster)","Columbia/Legacy",47,117,405,"69217"
147,"spotify:track:7MXVkk9YMctZqd1Srtv4MB","The Weeknd, Daft Punk","Starboy","Universal Republic Records",4,154,534,"69081"
148,"spotify:track:4EWCNWgDS8707fNSZ1oaA5","Kanye West","Heartless","Roc-A-Fella",145,161,49,"68620"
149,"spotify:track:48vIfHaK7by6x0T6ucpODL","Madison Beer","Make You Mine","Epic/Sing It Loud",135,153,10,"68591"
150,"spotify:track:003vvx7Niy0yvhvHt4a68B","The Killers","Mr. Brightside","Island Records",48,146,229,"68514"
151,"spotify:track:3FcqFCeCD6QRtRo6WGLCnC","Alligatoah","Willst du","Trailerpark",88,138,321,"68222"
152,"spotify:track:3BKD1PwArikchz2Zrlp1qi","David Guetta, Anne-Marie, Coi Leray","Baby Don't Hurt Me","Parlophone UK",14,119,305,"68041"
153,"spotify:track:0Ydt7UQxxHmFdZGOROCcza","MADE, CALI, Kenan, Infinit","Ma Jolie","MADE Entertainment",39,147,106,"67927"
154,"spotify:track:0VjIjW4GlUZAMYd2vXMi3b","The Weeknd","Blinding Lights","Republic Records",1,151,1321,"67867"
155,"spotify:track:7j4OmvkjRz0PrjFADlHfQx","Adele","Set Fire to the Rain","XL Recordings",99,187,49,"67099"
156,"spotify:track:5r2yVGFGpTDcE1wKQUCpS2","Jazeek","Take it","NINETYNINE MUSIC x Good Kid Records x VENTURA Records",14,165,148,"66993"
157,"spotify:track:3IhM5Mber8KA0NaRNpK2px","Tiësto","Lay Low","Atlantic Records",11,128,405,"66708"
158,"spotify:track:4Dvkj6JhhA12EX05fT7y2e","Harry Styles","As It Was","Columbia",1,182,651,"66576"
159,"spotify:track:7iUScoHKNJC5hqtA40vMlj","Fred again.., Baby Keem","leavemealone","Atlantic Records UK",115,141,53,"66560"
160,"spotify:track:2tpWsVSb9UEmDRxAl1zhX1","OneRepublic","Counting Stars","Mosley / Interscope",135,180,271,"66356"
161,"spotify:track:4evyMjgTKhrBfggfxFRAKr","YAKARY","KETAMIN","Life is Pain",32,166,181,"66285"
162,"spotify:track:6me7F0aaZjwDo6RJ5MrfBD","Richy Mitch & The Coal Miners","Evergreen","Richy Mitch & The Coal Miners",162,-1,4,"66196"
163,"spotify:track:3BJ0uXKEz9fUxCbZle1rCE","ISAAK","Always on the run","Good Kid Records & Polydor x Island Records",48,48,2,"66195"
164,"spotify:track:6vJMq94wRS6oqKV2jggzMc","Kontra K, Lana Del Rey","Summertime","Letzte Wölfe",1,157,186,"65539"
165,"spotify:track:0u2P5u6lvoDfwTYjAADbn4","Billie Eilish, Khalid","lovely (with Khalid)","Darkroom",46,-1,1284,"65496"
166,"spotify:track:6fsbuVwtZHq8bCfUOfmkNL","Apache 207","Breaking your heart","Four Music/Feder Musik",2,139,322,"65142"
167,"spotify:track:5xX2LYdXyx0Boa61rZOjq5","Luciano","Beautiful Girl","URBAN",1,179,590,"64642"
168,"spotify:track:7vOmSP2647oNUGGEhWd1cr","LXNGVX","Montagem Mysterious Game","LANGA",118,-1,21,"64590"
169,"spotify:track:2nLtzopw4rPReszdYBJU6h","Linkin Park","Numb","Warner Records",17,162,596,"64552"
170,"spotify:track:4UkUxO2WlKLc0Q1iEutGGh","KAROL G, Tiësto","CONTIGO (with Tiësto)","Bichota/Interscope Records",54,121,3,"64442"
171,"spotify:track:1mea3bSkSGXuIRvnydlB5b","Coldplay","Viva La Vida","Parlophone UK",95,195,354,"64387"
172,"spotify:track:3yfqSUWxFvZELEM4PmlwIR","Eminem","The Real Slim Shady","Interscope",55,175,672,"63888"
173,"spotify:track:6X1mehC9bJ1ExEip4HB79W","Die Prinzen","Alles nur geklaut","BMG Rights Management GmbH",84,155,12,"63792"
174,"spotify:track:1JSTJqkT5qHq8MDJnJbRE1","The Police","Every Breath You Take","Polydor Records",126,168,4,"63234"
175,"spotify:track:4fYte8ZvTK14NEhAOZocBi","OneRepublic","I Ain't Worried","Mosley Music/Interscope Records",19,200,512,"62999"
176,"spotify:track:5ch9m39I5MleWuwceDgCxz","MERO, AYLIVA","Bullet (feat. AYLIVA)","Pentagon Records Plus",2,174,45,"62983"
177,"spotify:track:151QpsxCSYAPPchzELKWXb","Jazeek","112","NINETYNINE MUSIC x Good Kid Records x VENTURA Records",6,190,52,"62882"
178,"spotify:track:2kQuhkFX7uSVepCD3h29g5","Akon, Eminem","Smack That","Konvict/Upfront/SRC/Universal Records",124,145,104,"62877"
179,"spotify:track:1Jygol1XrhFzX9XJJY2IcA","Bonez MC, Nizi19","auf alles!","187 Strassenbande",6,135,10,"62647"
180,"spotify:track:2toCf2FDbTIdWriPI6kcsY","Nina Chuba, Chapo102","Ich hass dich","Jive",4,178,486,"62563"
181,"spotify:track:1jDJFeK9x3OZboIAHsY9k2","Elton John","I'm Still Standing","EMI",123,170,109,"62509"
182,"spotify:track:5NtZlpRVomRYn5FYVwAYtO","Jazeek","Superstars","NINETYNINE MUSIC x Good Kid Records x VENTURA Records",21,192,233,"62486"
183,"spotify:track:3VezyVVENyPQ5u2DIJsITb","Tream, treamiboii, HBz","LEBENSLANG - HBz Remix","HBzMusic",15,131,700,"62345"
184,"spotify:track:7xaqxUl08zOg0YNUHokQpq","Miksu / Macloud, t-low","Sehnsucht","Futura",1,191,689,"62124"
185,"spotify:track:1Iq8oo9XkmmvCQiGOfORiz","Taylor Swift","Is It Over Now? (Taylor's Version) (From The Vault)","Taylor Swift",19,-1,42,"61805"
186,"spotify:track:2siKpBqjCCIsOFf5L4AqoR","Leony, Niklas Dee, VIZE","I Can Feel","Kontor Records",56,156,122,"61506"
187,"spotify:track:0kdqcbwei4MDWFEX5f33yG","Creepy Nuts","Bling-Bang-Bang-Born","Sony Music Labels Inc.",103,-1,29,"61117"
188,"spotify:track:1R0a2iXumgCiFb7HEZ7gUE","Taylor Swift","Don’t Blame Me","Big Machine Records, LLC",62,-1,96,"61022"
189,"spotify:track:347AQK5Lyhn6RvB8tBGYxt","¥$, Kanye West, Ty Dolla $ign","STARS","YZY",16,194,8,"60787"
190,"spotify:track:2iGvsJuc2mC4mDVOVMNAP6","¥$, Kanye West, Ty Dolla $ign","DO IT","YZY",33,184,8,"60315"
191,"spotify:track:3aLZ0s5ulFLcFCtIZQblpo","Pashanim","Hauseingang","Urban",39,-1,731,"60235"
192,"spotify:track:1zi7xx7UVEFkmKfv06H8x0","Drake, Wizkid, Kyla","One Dance","Cash Money Records/Young Money Ent./Universal Rec.",16,-1,364,"59957"
193,"spotify:track:5TcDi7siTwegIfZYR4VekF","DANO","TMAX","DANO",97,-1,69,"59933"
194,"spotify:track:0GONea6G2XdnHWjNZd6zt3","Bryan Adams","Summer Of '69","A&M",60,171,150,"59673"
195,"spotify:track:1uUgy87UHT9rlbxHirty3g","Peter Fox, Inéz","Zukunft Pink (feat. Inéz)","Warner Music Central Europe",1,164,475,"59639"
196,"spotify:track:0qo8YDKpPXlUQqp0vesiln","reezy","14 PASSENGER","Four Music/Teenager Forever",1,196,119,"59507"
197,"spotify:track:3879mntZAUN5J9ejHjjvpr","Tream, treamiboii","Zelten auf Kies","3AM MUSIC",25,159,261,"59435"
198,"spotify:track:1zv3WFUbZ5vPxFq9I2jAU1","Rihanna, Calvin Harris","We Found Love","Def Jam Recordings",29,188,38,"59405"
199,"spotify:track:2Az5wdRd0fzQ3wBByXH6E4","Rap La Rue, Haaland936","C","Epic/DOPE/Raplarue",111,176,3,"59183"
200,"spotify:track:5qaEfEh1AtSdrdrByCP7qR","Imagine Dragons","Demons","Kid Ina Korner / Interscope",200,-1,1,"59094"
