rank,uri,artist_names,track_name,source,peak_rank,previous_rank,weeks_on_chart,streams
1,"spotify:track:4Oun2ylbjFKMPTiaSbbCih","Cardi B, Megan Thee Stallion","WAP (feat. Megan Thee Stallion)","Atlantic/KSR",1,1,3,"43393301"
2,"spotify:track:0v1x6rN6JHRapa03JElljE","BTS","Dynamite","BIGHIT MUSIC",2,-1,1,"39904687"
3,"spotify:track:1yoMvmasuxZfqHEipJhRbp","Maluma","Hawái","Sony Music Latin",3,33,4,"34742209"
4,"spotify:track:1xQ6trAsedVPCdbtDAmk0c","Jawsh 685, Jason Derulo","Savage Love (Laxed - Siren Beat)","Columbia",1,3,11,"28578822"
5,"spotify:track:2SAqBLGA283SUiwJ3xOUVI","Drake, Lil Durk","Laugh Now Cry Later (feat. Lil Durk)","OVO",2,2,2,"28147650"
6,"spotify:track:6UelLqGlWMcVH1E5c4H7lY","Harry Styles","Watermelon Sugar","Columbia",4,5,41,"27020894"
7,"spotify:track:7ytR5pFWmSjzHJIeQkgog4","DaBaby, Roddy Ricch","ROCKSTAR (feat. Roddy Ricch)","South Coast Music Group/Interscope Records",1,4,19,"26758858"
8,"spotify:track:0VjIjW4GlUZAMYd2vXMi3b","The Weeknd","Blinding Lights","Republic Records",1,6,39,"26155206"
9,"spotify:track:3tjFYV6RSFtuktYl3ZtYcq","24kGoldn, iann dior","Mood (feat. iann dior)","Records/Columbia",9,37,3,"22753489"
10,"spotify:track:2Wo6QQD1KMDWeFkkjLqwx5","SAINt JHN, Imanbek","Roses - Imanbek Remix","Columbia/B1 Recordings",3,7,37,"19426641"
11,"spotify:track:3H7ihDc1dqLriiWXwsc2po","Topic, A7S","Breaking Me","Virgin",8,8,23,"18317764"
12,"spotify:track:5rZlwNFl01HqLWBQGryKSm","Pop Smoke, Lil Tjay","Mood Swings (feat. Lil Tjay)","Victor Victor Worldwide",12,12,8,"17783846"
13,"spotify:track:0EhpEsp4L0oRGM0vmeaN5e","J Balvin, Dua Lipa, Bad Bunny, Tainy","UN DIA (ONE DAY) (Feat. Tainy)","Universal Music Latino/ NEON16",10,10,5,"16962639"
14,"spotify:track:6cx06DFPPHchuUAcTxznu9","Joel Corry, MNEK","Head & Heart (feat. MNEK)","Atlantic Records UK",14,15,7,"16034944"
15,"spotify:track:0PvFJmanyNQMseIFrU708S","Pop Smoke, Lil Baby, DaBaby","For The Night (feat. Lil Baby & DaBaby)","Victor Victor Worldwide",15,20,8,"16022186"
16,"spotify:track:2Y0wPrPQBrGhoLn14xRYCG","Juice WRLD, Marshmello","Come & Go (with Marshmello)","Grade A Productions/Interscope Records",4,11,7,"15833578"
17,"spotify:track:7x4ASXYEKfQBCewcZhK776","KAROL G","Ay, DiOs Mío!","UMLE - Latino",17,26,7,"15551985"
18,"spotify:track:6bvfJf4KjonPMuPfGfy3S2","Nio Garcia, Anuel AA, Myke Towers, Brray, Juanka","La Jeepeta - Remix","Flow La Movie, Inc.",13,19,15,"15440415"
19,"spotify:track:3gD4J3RUHy4OUuZ3qAiaiG","Ozuna","Caramelo","Aura Music Corp.",17,18,11,"15340103"
20,"spotify:track:6wQlQrTY5mVS8EGaFZVwVF","Juice WRLD, The Weeknd","Smile (with The Weeknd)","Grade A Productions/Interscope Records",7,9,3,"15331808"
21,"spotify:track:4xqrdfXkTW4T0RauPLv3WA","Conan Gray","Heather","Republic Records",21,47,5,"15248137"
22,"spotify:track:1rgnBhdG2JDFTbYkYRZAku","Tones And I","Dance Monkey","Elektra (NEK)",1,16,58,"14883086"
23,"spotify:track:4HYDUMY0xSpeBr0AMY9cUz","Jay Wheeler, DJ Nelson, Myke Towers","La Curiosidad","Linked Music / Dynamic Records / EMPIRE",23,24,9,"14774741"
24,"spotify:track:2U5WueTLIK5WJLD7mvDODv","Juice WRLD","Wishing Well","Grade A Productions/Interscope Records",7,13,7,"14015043"
25,"spotify:track:7eJMfftS33KTjuF7lTsMCx","Powfu, beabadoobee","death bed (coffee for your head)","Columbia",4,17,28,"13995748"
26,"spotify:track:4ZRrLHqzhGRXYj2qcB4s5S","Rauw Alejandro, Camilo","Tattoo - Remix with Camilo","Sony Music Latin/Duars Entertainment",22,27,7,"13818001"
27,"spotify:track:1pqnQ41XbfKjaFu6M0eGJp","Tainy, J Balvin","Agua (with J Balvin)","NEON16/Interscope Records",19,23,7,"13743222"
28,"spotify:track:27ycaQnQAxaPiyeg3nr2aB","Miley Cyrus","Midnight Sky","RCA Records Label",14,14,2,"13436491"
29,"spotify:track:3ZG8N7aWw2meb6UrI5ZmnZ","Sech","Relación","Rich Music",23,31,17,"13343568"
30,"spotify:track:7qEHsqek33rTcFNT9PFqLf","Lewis Capaldi","Someone You Loved","Vertigo Berlin",4,29,86,"13090909"
31,"spotify:track:2MbdDtCv5LUVjYy9RuGTgC","Jack Harlow, Tory Lanez, DaBaby, Lil Wayne","WHATS POPPIN (feat. DaBaby, Tory Lanez & Lil Wayne) - Remix","Generation Now/Atlantic",15,22,9,"13071778"
32,"spotify:track:7ju97lgwC2rKQ6wwsf9no9","Lady Gaga, Ariana Grande","Rain On Me (with Ariana Grande)","Interscope",1,21,14,"12653086"
33,"spotify:track:62aP9fBQKYKxi7PDXwcUAS","Surf Mesa, Emilee","ily (i love you baby) (feat. Emilee)","Astralwerks",9,25,22,"12537332"
34,"spotify:track:24IgCW19L8lXKyFZwzFtD3","Black Eyed Peas, Ozuna, J. Rey Soul","MAMACITA","Epic",19,32,19,"12360614"
35,"spotify:track:2gMXnyrvIjhVBUZwvLZDMP","Lewis Capaldi","Before You Go","Vertigo Berlin",19,36,40,"12195547"
36,"spotify:track:017PF4Q3l4DBUiWoXk4OWT","Dua Lipa","Break My Heart","Urban",7,28,22,"12092581"
37,"spotify:track:1H7KnK26kc1YyellpbINEn","Pop Smoke, 50 Cent, Roddy Ricch","The Woo (feat. 50 Cent & Roddy Ricch)","Victor Victor Worldwide",17,30,8,"12039803"
38,"spotify:track:6AzKhCHOms83jvNVLsz0Bt","Aya Nakamura, Maluma","Djadja (feat. Maluma) - Remix","Rec. 118",36,38,9,"12029745"
39,"spotify:track:35RJhm1pEovTBwnNR0zWad","DJ Khaled, Drake","GREECE (feat. Drake)","OVO/We The Best/Epic",22,35,6,"12028747"
40,"spotify:track:3PfIrDoz19wz7qK7tYeu62","Dua Lipa","Don't Start Now","Urban",2,34,43,"11904908"
41,"spotify:track:1IIKrJVP1C9N7iPtG6eOsK","Chris Brown, Young Thug","Go Crazy","Chris Brown Entertainment/300 Entertainment/RCA Records",39,39,14,"11861039"
42,"spotify:track:22LAwLoDA5b4AaGSkg6bKW","Lil Mosey","Blueberry Faygo","Mogul Vision/Interscope Records",8,40,29,"11479612"
43,"spotify:track:02kDW379Yfd5PzW5A6vuGt","Internet Money, Gunna, Don Toliver, NAV","Lemonade (feat. NAV)","Internet Money Records / TenThousand Projects",43,67,2,"11373347"
44,"spotify:track:3vAn0qZzdyuHamcrpkfiX3","BLACKPINK","How You Like That","YG Entertainment/Interscope Records",4,48,9,"10813530"
45,"spotify:track:45bE4HXI0AwGZXfZtMp8JR","Tate McRae","you broke me first","RCA Records Label",45,58,7,"10784278"
46,"spotify:track:76nqCfJOcFFWBJN32PAksn","Ava Max","Kings & Queens","Atlantic Records",41,45,22,"10722324"
47,"spotify:track:4HBZA5flZLE435QTztThqH","Ariana Grande, Justin Bieber","Stuck with U (with Justin Bieber)","Ariana Grande & Justin Bieber ""Stuck With U""- Charity",2,44,16,"10700417"
48,"spotify:track:466cKvZn1j45IpxDdYZqdA","Drake","Toosie Slide","OVO",2,43,21,"10678170"
49,"spotify:track:3IJYUaN3tx04S4TYyZHKoP","StaySolidRocky","Party Girl","Columbia",9,46,15,"10569470"
50,"spotify:track:4pXW6ZAHBz7ODXTRKklWrM","Trueno, Nicki Nicole, Bizarrap, Taiu, TATOOL","Mamichula - con Nicki Nicole","NEUEN",37,52,5,"10289056"
51,"spotify:track:2ygvZOXrIeVL4xZmAWJT2C","Billie Eilish","my future","Darkroom/Interscope Records",5,41,4,"9877965"
52,"spotify:track:4R2kfaDFhslZEMJqAFNpdd","Taylor Swift","cardigan","Taylor Swift",1,42,5,"9704132"
53,"spotify:track:0nbXyq5TXYPCO7pr3N8S4I","Roddy Ricch","The Box","Atlantic Records",1,54,37,"9555119"
54,"spotify:track:21jGcNKet2qwijlDFuPiPb","Post Malone","Circles","Republic Records",1,57,52,"9348059"
55,"spotify:track:3jjujdWJ72nww5eGnfs2E7","Harry Styles","Adore You","Columbia",6,56,38,"9270372"
56,"spotify:track:6gBFPUFcJLzWGx4lenP6h2","Travis Scott","goosebumps","Cactus Jack / Epic",13,60,159,"9021968"
57,"spotify:track:4w47S36wQGBhGg073q3nt7","ROSALÍA, Travis Scott","TKN (feat. Travis Scott)","Columbia",15,51,13,"8943693"
58,"spotify:track:7k4t7uLgtOxPwTpFmtJNTY","KAROL G, Nicki Minaj","Tusa","TUSA - Karol G & Nicki Minaj",3,59,42,"8793097"
59,"spotify:track:6EDO9iiTtwNv6waLwa1UUq","DJ Khaled, Drake","POPSTAR (feat. Drake)","OVO/We The Best/Epic",7,49,6,"8757249"
60,"spotify:track:4umIPjkehX1r7uhmGvXiSV","Justin Bieber, Quavo","Intentions (feat. Quavo)","RBMG/Def Jam",5,55,29,"8503539"
61,"spotify:track:2GiJYvgVaD2HtM8GqD9EgQ","BØRNS","Electric Love","UMGRI Interscope",61,74,4,"8462692"
62,"spotify:track:6v3KW9xbzN5yKLt9YKDYA2","Shawn Mendes, Camila Cabello","Señorita","Island Records",1,62,62,"8444327"
63,"spotify:track:59qrUpoplZxbIZxk6X0Bm3","Jason Derulo","Take You Dancing","Atlantic Records",63,79,5,"8420798"
64,"spotify:track:2b8fOow8UzyDFAE27YhOZM","Maroon 5","Memories","Interscope Records*",2,65,49,"8371593"
65,"spotify:track:2rRJrJEo19S2J82BDsQ3F7","Trevor Daniel","Falling","Alamo",5,66,41,"8356344"
66,"spotify:track:0RiRZpuVRbi7oqRdSMwhQY","Post Malone, Swae Lee","Sunflower - Spider-Man: Into the Spider-Verse","Republic Records",1,63,97,"8326731"
67,"spotify:track:285pBltuF7vW8TeWk8hdRR","Juice WRLD","Lucid Dreams","Juice WRLD Mixtape / ISR P&D",3,68,120,"8304130"
68,"spotify:track:3eekarcy7kvN4yt5ZFzltW","Travis Scott","HIGHEST IN THE ROOM","Cactus Jack/Epic",1,72,47,"8098689"
69,"spotify:track:2Fxmhks0bxGSBdJ92vM42m","Billie Eilish","bad guy","Darkroom/Interscope Records",1,70,74,"8038464"
70,"spotify:track:3Z8FwOEN59mRMxDCtb8N0A","Marshmello, Halsey","Be Kind (with Halsey)","Astralwerks",22,64,17,"7936812"
71,"spotify:track:551xyaSJsg8hILXFq9JdST","Travis Scott","The Plan - From the Motion Picture ""TENET""","Warner Bros. Entertainment, Inc.",71,-1,1,"7913088"
72,"spotify:track:4pvb0WLRcMtbPGmtejJJ6y","Taylor Swift, Bon Iver","exile (feat. Bon Iver)","Taylor Swift",4,50,5,"7867985"
73,"spotify:track:6C6mUonH6MNdSg5pw7kOc9","KHEA, Lenny Santos","Ayer Me Llamó Mi Ex","Young Flex - Khea",73,-1,1,"7793597"
74,"spotify:track:06s3QtMJVXw1AJX3UfvZG1","Anuel AA, Bad Bunny","Hasta Que Dios Diga","2020 Real Hasta La Muerte, LLC",32,73,13,"7691137"
75,"spotify:track:7szuecWAPwGoV1e5vGu8tl","The Weeknd","In Your Eyes","Republic Records",6,75,23,"7673794"
76,"spotify:track:6N22FZs2ZhPBYi3b9XPajV","Labrinth","Still Don't Know My Name","Masterworks",76,102,3,"7669106"
77,"spotify:track:2D0dj3hVkRQJCp63cxCPEx","Curtis Waters, Harm Franklin","Stunnin' (feat. Harm Franklin) (Explicit)","BMG Rights Management (US) LLC",68,71,10,"7607691"
78,"spotify:track:2xLMifQCjDGFmkHkpNLD9h","Travis Scott","SICKO MODE","Cactus Jack / Epic",2,82,108,"7590219"
79,"spotify:track:6Hj9jySrnFppAI0sEMCZpJ","Juice WRLD","Robbery","Grade A Productions/Interscope Records",18,83,58,"7525189"
80,"spotify:track:2tnVG71enUj33Ic2nFN6kZ","Regard","Ride It","Ministry of Sound Recordings",12,77,51,"7378990"
81,"spotify:track:39Yp9wwQiSRIDOvrVg7mbk","THE SCOTTS, Travis Scott, Kid Cudi","THE SCOTTS","Cactus Jack / Epic",1,84,18,"7350371"
82,"spotify:track:66W1rVTnEv86dIkFhoiElg","Regard, RAYE","Secrets","Ministry of Sound Recordings",64,76,13,"7301937"
83,"spotify:track:79s5XnCN4TJKTVMSmOx8Ep","Pop Smoke","Dior","Victor Victor Worldwide/Republic Records",40,81,24,"7296164"
84,"spotify:track:7lUdbnz7wsv3C9zzf4WHl9","Feid, J Balvin, Maluma, Nicky Jam, Sech, Justin Quiles","PORFA Remix ( Feat. Maluma, Nicky Jam, Sech) - Remix","JP Entertainment (Jorge Pino)",81,92,9,"7243261"
85,"spotify:track:3Dv1eDb0MEgF93GpLXlucZ","Doja Cat","Say So","Kemosabe Records/RCA Records",6,78,35,"7240648"
86,"spotify:track:4Hpib09wXgD84w4uwTPnYD","Saweetie","Tap In","ICY/Artistry Records/Warner Records",86,124,3,"7175604"
87,"spotify:track:0u2P5u6lvoDfwTYjAADbn4","Billie Eilish, Khalid","lovely (with Khalid)","Darkroom",24,89,123,"7153251"
88,"spotify:track:4nK5YrxbMGZstTLbvj6Gxw","BENEE, Gus Dapperton","Supalonely","Republic Records",12,61,25,"7131573"
89,"spotify:track:696DnlkuDOXcMAnKlTgXXK","Arizona Zervas","ROXANNE","Arizona Zervas",2,86,44,"7128227"
90,"spotify:track:1K5KBOgreBi5fkEHvg5ap3","Future, Drake","Life Is Good (feat. Drake)","Epic/Freebandz",3,80,33,"7102349"
91,"spotify:track:4ecVWqbtW6phQGpZMAyqIU","ITZY","Not Shy","Republic Records - ITZY",91,-1,1,"7006754"
92,"spotify:track:1Cv1YLb4q0RzL6pybtaMLo","Surfaces","Sunday Best","Surfaces Music / TenThousand Projects, LLC",13,69,32,"7004637"
93,"spotify:track:0jT8Nl0shPS8115is0wD2Q","Camilo","Favorito","Sony Music Latin",29,94,21,"6961360"
94,"spotify:track:2VxeLyX666F8uXCJ0dZF8B","Lady Gaga, Bradley Cooper","Shallow","A Star is Born OST",3,101,100,"6822502"
95,"spotify:track:2lCkncy6bIB0LTMT7kvrD1","J Balvin","Azul","UMLE - Latino",61,97,23,"6818380"
96,"spotify:track:5DoLhdU27owX1NMrKLUbUl","Super Yei, Sammy, Jone Quest, Towy, Osquel, Beltito, Sammy & Falsetto","Lean","Superiority",96,148,2,"6744788"
97,"spotify:track:50ZC4PM7hywH27RcCfViau","Rauw Alejandro, Dalex, Lenny Tavárez, Dímelo Flow","Elegí (feat. Dímelo Flow)","Sony Music Latin",54,95,21,"6733114"
98,"spotify:track:25zlnOAzbVoOzIeXSvQFf1","Pop Smoke","Got It On Me","Victor Victor Worldwide",41,90,8,"6698575"
99,"spotify:track:5f1joOtoMeyppIcJGZQvqJ","Kane Brown, Swae Lee, Khalid","Be Like That - feat. Swae Lee & Khalid","RCA Records Label Nashville",96,96,7,"6682879"
100,"spotify:track:7C1trmcQQ5n5RNy4l6ziCv","Nea, Felix Jaehn","Some Say - Felix Jaehn Remix","Milkshake",75,88,11,"6679106"
101,"spotify:track:6fmQjRuo7XvRFCK2qex5hQ","Jerry Di","Mi Cuarto","Nacho",101,-1,1,"6677147"
102,"spotify:track:70rFIfYN7lU6iTgUIVP42w","mgk, blackbear","my ex's best friend (with blackbear)","Bad Boy/Interscope Records",89,100,3,"6650108"
103,"spotify:track:3ZCTVFBt2Brf31RLEnCkWJ","Billie Eilish","everything i wanted","Darkroom/Interscope Records",2,93,42,"6635556"
104,"spotify:track:0pqnGHJpmpxLKifKRmU6WP","Imagine Dragons","Believer","Kid Ina Korner / Interscope",16,108,186,"6426079"
105,"spotify:track:380HmhwTE2NJgawn1NwkXi","J Balvin","Rojo","UMLE - Latino",14,106,26,"6406522"
106,"spotify:track:2kJwzbxV2ppxnQoYw4GLBZ","JP Saxe, Julia Michaels","If the World Was Ending (feat. Julia Michaels)","Arista Records",38,109,42,"6400240"
107,"spotify:track:205HNJ73cgpC0LAOnuQiWT","Kofs, Soso Maness, Elams, Jul, SCH, Naps, Solda, Houari, 13 Organisé","Bande organisée","Rien 100 Rien",107,-1,1,"6335268"
108,"spotify:track:0SqqAgdovOE24BzxIClpjw","Bad Bunny","Yo Perreo Sola","Rimas Entertainment LLC",18,103,26,"6323053"
109,"spotify:track:1ZMiCix7XSAbfAJlEZWMCp","Harry Styles","Falling","Columbia",29,110,37,"6290933"
110,"spotify:track:1sgDyuLooyvEML4oHspNza","Kygo, OneRepublic","Lose Somebody","Kygo",32,98,15,"6262886"
111,"spotify:track:3kwgqoBqTwoAH4nT29TYrq","Maroon 5","Nobody's Love","Interscope Records*",65,91,5,"6206041"
112,"spotify:track:4NhDYoQTYCdWHTvlbGVgwo","6ix9ine","GOOBA","Scumgang Records",4,99,16,"6189500"
113,"spotify:track:2DEZmgHKAvm41k4J3R2E9Y","Bad Bunny, Jowell & Randy, Ñengo Flow","Safaera","Rimas Entertainment LLC",9,105,26,"6174372"
114,"spotify:track:4DpNNXFMMxQEKl7r0ykkWA","Melanie Martinez","Play Date","Atlantic Records",26,107,18,"6088648"
115,"spotify:track:0Jlcvv8IykzHaSmj49uNW8","Taylor Swift","the 1","Taylor Swift",5,87,5,"6051974"
116,"spotify:track:7gwwt1IaAWwmB7af0AcuBM","Harry Nach","Tak Tiki Tak","Sony Music Entertainment Chile S.A",76,123,12,"6012720"
117,"spotify:track:0ada5XsQGLPUVbmTCkAP49","Juice WRLD, Marshmello, The Kid LAROI, Polo G","Hate The Other Side (with Marshmello & The Kid Laroi)","Grade A Productions/Interscope Records",14,104,7,"6011663"
118,"spotify:track:0hVXuCcriWRGvwMV1r5Yn9","Ed Sheeran, Justin Bieber","I Don't Care (with Justin Bieber)","Atlantic Records UK",1,116,68,"5962626"
119,"spotify:track:4RJz8NfIe09gpKMiRUWKhJ","Maluma, Lenny Tavárez, Justin Quiles","Parce (feat. Justin Quiles)","Sony Music Latin",119,-1,1,"5947188"
120,"spotify:track:2uu2aGqA2UblCg581Q7l1g","Ozuna, KAROL G, Myke Towers","Caramelo - Remix","Aura Music Corp.",120,-1,1,"5946178"
121,"spotify:track:4K06PO78fW4mnBVenxGNob","Juice WRLD","Conversations","Grade A Productions/Interscope Records",9,85,7,"5937520"
122,"spotify:track:7FIWs0pqAYbP91WWM0vlTQ","Eminem, Juice WRLD","Godzilla (feat. Juice WRLD)","Shady/Aftermath/Interscope Records",4,114,32,"5920891"
123,"spotify:track:4VXIryQMWpIdGgYR4TrjT1","Juice WRLD","All Girls Are The Same","Juice WRLD Mixtape / ISR P&D",48,125,53,"5915574"
124,"spotify:track:4xWzZmX4K1yyrdtRfbUvjt","Niack, Two Maloka, DJ Léo da 17","Oh Juliana","Niack",112,112,5,"5908535"
125,"spotify:track:0Z0kNthq0sS4lvGz9SSlBF","Morgan Wallen","7 Summers","Big Loud / Republic",53,53,2,"5904704"
126,"spotify:track:2tFwfmceQa1Y6nRPhYbEtC","JHAYCO, Bad Bunny","CÓMO SE SIENTE - Remix","N&E Entertainment LLC",63,119,16,"5885017"
127,"spotify:track:527k23H0A4Q0UJN3vGs0Da","Don Toliver","After Party","We Run It Ent./Cactus Jack/Atlantic",42,121,19,"5830377"
128,"spotify:track:5KawlOMHjWeUjQtnuRs22c","BTS, Halsey","Boy With Luv (feat. Halsey)","BIGHIT MUSIC",3,-1,34,"5820968"
129,"spotify:track:7m9OqQk4RVRkw9JJdeAw96","XXXTENTACION","Jocelyn Flores","Bad Vibes Forever / EMPIRE",7,127,156,"5765868"
130,"spotify:track:2mt1IqcFyY1zmYZT8Q3xw9","blackbear","hot girl bummer","Alamo",9,133,53,"5764797"
131,"spotify:track:1jaTQ3nqY3oAAYyCTbIvnM","Jack Harlow","WHATS POPPIN","Generation Now/Atlantic",26,117,30,"5758269"
132,"spotify:track:5dOxHHMOFAbG3VH23t0xNm","Juice WRLD","Righteous","Grade A Productions/Interscope Records",10,111,18,"5736165"
133,"spotify:track:4wVOKKEHUJxHCFFNUWDn0B","Drake, GIVĒON","Chicago Freestyle (feat. Giveon)","OVO",23,120,17,"5615265"
134,"spotify:track:5v4GgrXPMghOnBBLmveLac","Megan Thee Stallion, Beyoncé","Savage Remix (feat. Beyoncé)","300 Entertainment",13,122,18,"5602441"
135,"spotify:track:6ocbgoVGwYJhOv1GgI9NsF","Ariana Grande","7 rings","Republic Records",1,132,84,"5585396"
136,"spotify:track:7qiZfU4dY1lWllzX7mPBI3","Ed Sheeran","Shape of You","Atlantic Records UK",1,134,190,"5521925"
137,"spotify:track:4ja2gzrNh9VNigzoXfmbwD","Peach Tree Rascals","Mariposa","Homemade Projects, LLC / TenThousand Projects, LLC",103,126,10,"5486228"
138,"spotify:track:57RA3JGafJm5zRtKJiKPIm","Wallows, Clairo","Are You Bored Yet? (feat. Clairo)","Atlantic Records",105,137,10,"5476382"
139,"spotify:track:5uCax9HTNlzGybIStD3vDh","James Arthur","Say You Won't Let Go","Columbia",7,145,190,"5463768"
140,"spotify:track:3ee8Jmje8o58CHK66QrVC2","XXXTENTACION","SAD!","Bad Vibes Forever, LLC",1,139,130,"5460479"
141,"spotify:track:0e7ipj03S05BNilyu5bRzt","Post Malone, 21 Savage","rockstar (feat. 21 Savage)","Republic Records",1,135,154,"5460420"
142,"spotify:track:6NJfIydBMYrXvlaXsFxmc8","Headie One, AJ Tracey, Stormzy","Ain't It Different (feat. AJ Tracey & Stormzy)","Relentless Records",142,-1,1,"5454544"
143,"spotify:track:5EbtodsuLbxrFDH6j5avVS","Camilo, Pablo Alborán","El Mismo Aire - con Pablo Alborán","Sony Music Latin",143,152,7,"5454021"
144,"spotify:track:3nS9a01VvXHQriLqJYwRqG","Gunna, Young Thug","DOLLAZ ON MY HEAD (feat. Young Thug)","300 Entertainment",69,146,14,"5450104"
145,"spotify:track:6qAxQhNfM909QrDGLYEocf","Capital Bra, CRO","Frühstück in Paris","URBAN",145,-1,1,"5440253"
146,"spotify:track:0tgVpDi06FyKpA1z0VMD4v","Ed Sheeran","Perfect","Atlantic Records UK",4,141,181,"5434941"
147,"spotify:track:4u7EnebtmKWzUH433cf5Qv","Queen","Bohemian Rhapsody - Remastered 2011","EMI",11,138,104,"5420937"
148,"spotify:track:2QyuXBcV1LJ2rq01KhreMF","BTS","ON","BIGHIT MUSIC",22,-1,6,"5391018"
149,"spotify:track:7CHi4DtfK4heMlQaudCuHK","MEDUZA, Becky Hill, Goodboys","Lose Control","Virgin",27,136,45,"5345972"
150,"spotify:track:3AzjcOeAmA57TIOr9zF1ZW","Dua Lipa","Physical","Urban",12,129,30,"5324503"
151,"spotify:track:2u6Jm2klS4yvAlbSHlxUwI","Robin Schulz, Wes","Alane","WM Germany",122,130,7,"5313820"
152,"spotify:track:43zdsphuZLzwA9k4DJhU0I","Billie Eilish","when the party's over","Darkroom/Interscope Records",9,149,97,"5279700"
153,"spotify:track:2rPHUAeUPbNgTmK18FPTiZ","The Kid LAROI, Juice WRLD","GO (feat. Juice WRLD)","Columbia",60,128,11,"5259038"
154,"spotify:track:70eFcWOvlMObDhURTqT4Fv","Ed Sheeran, Khalid","Beautiful People (feat. Khalid)","Atlantic Records UK",3,144,61,"5247225"
155,"spotify:track:2HbKqm4o0w5wEeEFXm2sD4","Kendrick Lamar, Jay Rock","Money Trees","Aftermath",155,167,2,"5217824"
156,"spotify:track:0dZpw3h6KZhcHec61qwevZ","Conkarah, Shaggy, DJ Fle","Banana (feat. Shaggy) (DJ FLe Minisiren Remix)","S-Curve Records",71,118,11,"5210853"
157,"spotify:track:3JKgcAa7r07ocVWcV8bS0H","Polo G","21","Columbia",153,153,9,"5157733"
158,"spotify:track:6gxKUmycQX7uyMwJcweFjp","Lil Baby, 42 Dugg","We Paid (feat. 42 Dugg)","Quality Control/Motown Records",68,131,10,"5109724"
159,"spotify:track:4j3iq13kHs5PB94jdTp3Y3","Maluma","ADMV","Sony Music Latin",159,-1,1,"5041870"
160,"spotify:track:78qd8dvwea0Gosb6Fe6j3k","Doja Cat","Boss Bitch","Atlantic Records",21,150,26,"5041053"
161,"spotify:track:3Be7CLdHZpyzsVijme39cW","Kygo, Tina Turner","What's Love Got to Do with It","Kygo",86,143,6,"4980849"
162,"spotify:track:2dpaYNEQHiRxtZbfNsse99","Marshmello, Bastille","Happier","Joytime Collective",2,155,106,"4956032"
163,"spotify:track:6ZfXA2xakAvphXOSOJ3u1W","Miley Cyrus","When I Look At You","Hollywood Records",163,192,2,"4923754"
164,"spotify:track:3U4isOIWM3VvDubwSI3y7a","John Legend","All of Me","G.O.O.D. Music/Columbia",143,161,81,"4904879"
165,"spotify:track:2KoHxhRyWxJzA0VafWd5Nk","Sam Smith, Burna Boy","My Oasis (feat. Burna Boy)","PLG - Capitol",106,115,4,"4887204"
166,"spotify:track:5wWAwzGp2OaaoIkwcz6wZs","Juice WRLD, Halsey","Life's A Mess (feat. Halsey)","Grade A Productions/Interscope Records",8,140,8,"4883202"
167,"spotify:track:6FZDfxM3a3UCqtzo5pxSLZ","Halsey","Without Me","Capitol Records",4,159,99,"4839280"
168,"spotify:track:4NCsrTzgVfsDo8nWyP8PPc","Black Eyed Peas, J Balvin","RITMO (Bad Boys For Life)","Epic",9,156,46,"4828831"
169,"spotify:track:6RUKPb4LETWmmr3iAEQktW","The Chainsmokers, Coldplay","Something Just Like This","Disruptor Records/Columbia",2,165,151,"4737270"
170,"spotify:track:6gi6y1xwmVszDWkUqab1qw","JACKBOYS, Travis Scott, Young Thug","OUT WEST (feat. Young Thug)","Cactus Jack/Epic",27,158,35,"4727694"
171,"spotify:track:0eeKDrQxjqNl5bX5VCHDcn","Justin Quiles, Daddy Yankee, El Alfa","PAM","WEA Latina",117,157,15,"4723856"
172,"spotify:track:7mrWTjhYctgEQb0lJKrVWy","KITSCHKRIEG, Jamule","Unterwegs","SoulForce/BMG",172,190,2,"4720699"
173,"spotify:track:6K4t31amVTZDgR3sKmwUJJ","Tame Impala","The Less I Know The Better","Universal Music Australia Pty. Ltd.",149,169,33,"4703613"
174,"spotify:track:4TOmcZvw0gHa7GiXRbcYAW","Feid, Justin Quiles","PORFA","JP Entertainment (Jorge Pino)",56,160,21,"4702117"
175,"spotify:track:0qJeyYAgv6UpvewUxRXAhb","Rod Wave, Lil Baby","Rags2Riches 2 (feat. Lil Baby)","Alamo",113,113,3,"4691476"
176,"spotify:track:0JP9xo3adEtGSdUEISiszL","XXXTENTACION","Moonlight","Bad Vibes Forever, LLC",2,166,126,"4688660"
177,"spotify:track:6bM4daGlfZHtKMQp8tEqVz","Bausa, Juju","2012","WM Germany",177,-1,1,"4685894"
178,"spotify:track:6yVkakCN460KOVol9ZazjH","Anuel AA","Reggaetonera","2020 Real Hasta La Muerte, LLC",111,162,10,"4680100"
179,"spotify:track:5qrSlOut2rNAWv3ubArkNy","Dean Lewis","Be Alright","Universal Music Australia Pty. Ltd.",12,175,104,"4657065"
180,"spotify:track:2jyjhRf6DVbMPU5zxagN2h","Passenger","Let Her Go","Embassy of Music",170,172,17,"4650489"
181,"spotify:track:1bRpSCFv6P2OUhciByeRYR","Alex Rose, Rafa Pabön","Jangueo","Los Oidos Fresh/ Los Proximos",122,164,24,"4649528"
182,"spotify:track:6XHVuErjQ4XNm6nDPVCxVX","Chris Brown, Drake","No Guidance (feat. Drake)","Chris Brown Entertainment/RCA Records",11,178,40,"4647130"
183,"spotify:track:34LI7rwi9H8w2S5KTHnv1M","Manuel Turizo","Quiéreme Mientras Se Pueda","Sony Music Latin/La Industria",183,-1,1,"4622340"
184,"spotify:track:2f0pn9DkEJwAzXApnFh5cr","BANNERS","Someone To You","Island Records",184,188,2,"4602228"
185,"spotify:track:3hUxzQpSfdDqwM3ZTFQY0K","Taylor Swift","august","Taylor Swift",11,142,5,"4586236"
186,"spotify:track:2wrJq5XKLnmhRXHIAf9xBa","Dan + Shay, Justin Bieber","10,000 Hours (with Justin Bieber)","Warner Music Nashville",5,177,47,"4578254"
187,"spotify:track:4ZLzoOkj0MPWrTLvooIuaa","Kina, Snøw","Get You The Moon (feat. Snøw)","Columbia",95,179,63,"4561440"
188,"spotify:track:4Rh4UxgPaRTaFfKumWtUbM","blackbear, Lauv","if I were u (with Lauv)","Alamo",188,-1,1,"4561189"
189,"spotify:track:7yq4Qj7cqayVTp3FF9CWbm","Vance Joy","Riptide","F-Stop Records/Atlantic",171,171,11,"4561176"
190,"spotify:track:1VLtjHwRWOVJiE5Py7JxoQ","Polo G","Martin & Gina","Columbia",190,-1,1,"4556386"
191,"spotify:track:6Gg1gjgKi2AK4e0qzsR7sd","Juice WRLD, YoungBoy Never Broke Again","Bandit (with YoungBoy Never Broke Again)","Grade A Productions/Interscope Records",14,173,45,"4555676"
192,"spotify:track:0cRgJuB6TRtb5RZ2HkjSLh","Jowell & Randy, J Balvin","Anaranjado","Rimas Entertainment LLC.",174,174,3,"4534778"
193,"spotify:track:4Of7rzpRpV1mWRbhp5rAqG","Lewis Capaldi","Bruises","Vertigo Berlin",66,187,55,"4519299"
194,"spotify:track:6J2LdBN97cDWn0MLxYh9HB","Noah Cyrus","July","Records/Columbia",77,198,36,"4444839"
195,"spotify:track:3QzAOrNlsabgbMwlZt7TAY","Mustard, Roddy Ricch","Ballin' (with Roddy Ricch)","10 Summers Records/Interscope Records",37,176,47,"4436934"
196,"spotify:track:3Ys2PYl1wyPKQIwyqhP9cQ","BTS","Stay Gold","Universal Music LLC",72,-1,4,"4405338"
197,"spotify:track:5T8EDUDqKcs6OSOwEsfqG7","Queen","Don't Stop Me Now - Remastered 2011","EMI",51,186,69,"4402522"
198,"spotify:track:3S0OXQeoh0w6AY8WQVckRW","Jason Mraz","I'm Yours","Atlantic Records/ATG",124,194,64,"4391666"
199,"spotify:track:2iUXsYOEPhVqEBwsqP70rE","5 Seconds of Summer","Youngblood","Capitol",8,193,120,"4390823"
200,"spotify:track:2Eeur20xVqfUoM3Q7EFPFt","Taylor Swift","the last great american dynasty","Taylor Swift",8,147,5,"4389670"
